BEGIN TRANSACTION;
CREATE TABLE IF NOT EXISTS "getherapp_classroom" (
	"id"	integer NOT NULL,
	"kwan_num"	smallint NOT NULL,
	"kwan_name"	varchar(50) NOT NULL,
	"unit"	varchar(50),
	"image"	varchar(100),
	PRIMARY KEY("id" AUTOINCREMENT)
);
CREATE TABLE IF NOT EXISTS "getherapp_professor" (
	"id"	integer NOT NULL,
	"name"	varchar(100) NOT NULL,
	PRIMARY KEY("id" AUTOINCREMENT)
);
CREATE TABLE IF NOT EXISTS "getherapp_subject" (
	"id"	integer NOT NULL,
	"kind"	varchar(50) NOT NULL,
	"code"	varchar(50) NOT NULL,
	"name"	varchar(200) NOT NULL,
	PRIMARY KEY("id" AUTOINCREMENT)
);
CREATE TABLE IF NOT EXISTS "getherapp_class" (
	"id"	integer NOT NULL,
	"div"	smallint,
	"date1"	varchar(10) NOT NULL,
	"date2"	varchar(10),
	"time1"	time NOT NULL,
	"time2"	time NOT NULL,
	"prof_id_id"	bigint,
	"room_id_id"	bigint,
	"sub_id_id"	bigint NOT NULL,
	FOREIGN KEY("sub_id_id") REFERENCES "getherapp_subject"("id") DEFERRABLE INITIALLY DEFERRED,
	FOREIGN KEY("room_id_id") REFERENCES "getherapp_classroom"("id") DEFERRABLE INITIALLY DEFERRED,
	FOREIGN KEY("prof_id_id") REFERENCES "getherapp_professor"("id") DEFERRABLE INITIALLY DEFERRED,
	PRIMARY KEY("id" AUTOINCREMENT)
);
INSERT INTO "getherapp_classroom" VALUES (1,1,'승연관','1502',NULL);
INSERT INTO "getherapp_classroom" VALUES (2,1,'승연관','1503',NULL);
INSERT INTO "getherapp_classroom" VALUES (3,1,'승연관','1504',NULL);
INSERT INTO "getherapp_classroom" VALUES (4,1,'승연관','1505',NULL);
INSERT INTO "getherapp_classroom" VALUES (5,1,'승연관','1506',NULL);
INSERT INTO "getherapp_classroom" VALUES (6,2,'일만관','B105',NULL);
INSERT INTO "getherapp_classroom" VALUES (7,3,'월당관','3301',NULL);
INSERT INTO "getherapp_classroom" VALUES (8,3,'월당관','3302',NULL);
INSERT INTO "getherapp_classroom" VALUES (9,3,'월당관','3401',NULL);
INSERT INTO "getherapp_classroom" VALUES (10,3,'월당관','3402',NULL);
INSERT INTO "getherapp_classroom" VALUES (11,3,'월당관','3501',NULL);
INSERT INTO "getherapp_classroom" VALUES (12,3,'월당관','3502',NULL);
INSERT INTO "getherapp_classroom" VALUES (13,5,'나눔관','5C301',NULL);
INSERT INTO "getherapp_classroom" VALUES (14,6,'정보과학관','6109',NULL);
INSERT INTO "getherapp_classroom" VALUES (15,6,'정보과학관','6110',NULL);
INSERT INTO "getherapp_classroom" VALUES (16,6,'정보과학관','6201',NULL);
INSERT INTO "getherapp_classroom" VALUES (17,6,'정보과학관','6202',NULL);
INSERT INTO "getherapp_classroom" VALUES (18,6,'정보과학관','6206',NULL);
INSERT INTO "getherapp_classroom" VALUES (19,6,'정보과학관','6402',NULL);
INSERT INTO "getherapp_classroom" VALUES (20,6,'정보과학관','6403',NULL);
INSERT INTO "getherapp_classroom" VALUES (21,6,'정보과학관','6404',NULL);
INSERT INTO "getherapp_classroom" VALUES (22,6,'정보과학관','6405',NULL);
INSERT INTO "getherapp_classroom" VALUES (23,6,'정보과학관','6406',NULL);
INSERT INTO "getherapp_classroom" VALUES (24,7,'새천년관','7104',NULL);
INSERT INTO "getherapp_classroom" VALUES (25,7,'새천년관','7202',NULL);
INSERT INTO "getherapp_classroom" VALUES (26,7,'새천년관','7204',NULL);
INSERT INTO "getherapp_classroom" VALUES (27,7,'새천년관','7205',NULL);
INSERT INTO "getherapp_classroom" VALUES (28,7,'새천년관','7206',NULL);
INSERT INTO "getherapp_classroom" VALUES (29,7,'새천년관','7207',NULL);
INSERT INTO "getherapp_classroom" VALUES (30,7,'새천년관','7208',NULL);
INSERT INTO "getherapp_classroom" VALUES (31,7,'새천년관','7301',NULL);
INSERT INTO "getherapp_classroom" VALUES (32,7,'새천년관','7302',NULL);
INSERT INTO "getherapp_classroom" VALUES (33,7,'새천년관','7303',NULL);
INSERT INTO "getherapp_classroom" VALUES (34,7,'새천년관','7304',NULL);
INSERT INTO "getherapp_classroom" VALUES (35,7,'새천년관','7305',NULL);
INSERT INTO "getherapp_classroom" VALUES (36,7,'새천년관','7306',NULL);
INSERT INTO "getherapp_classroom" VALUES (37,7,'새천년관','7307',NULL);
INSERT INTO "getherapp_classroom" VALUES (38,7,'새천년관','7308',NULL);
INSERT INTO "getherapp_classroom" VALUES (39,7,'새천년관','7309',NULL);
INSERT INTO "getherapp_classroom" VALUES (40,7,'새천년관','7417',NULL);
INSERT INTO "getherapp_classroom" VALUES (41,8,'중앙도서관',NULL,NULL);
INSERT INTO "getherapp_classroom" VALUES (42,9,'피츠버그홀','9101',NULL);
INSERT INTO "getherapp_classroom" VALUES (43,9,'피츠버그홀','9301',NULL);
INSERT INTO "getherapp_classroom" VALUES (44,11,'미가엘관','M201',NULL);
INSERT INTO "getherapp_classroom" VALUES (45,11,'미가엘관','M202',NULL);
INSERT INTO "getherapp_classroom" VALUES (46,11,'미가엘관','M203',NULL);
INSERT INTO "getherapp_classroom" VALUES (47,11,'미가엘관','M205',NULL);
INSERT INTO "getherapp_classroom" VALUES (48,11,'미가엘관','M301',NULL);
INSERT INTO "getherapp_classroom" VALUES (49,11,'미가엘관','M401',NULL);
INSERT INTO "getherapp_classroom" VALUES (50,11,'미가엘관','M402',NULL);
INSERT INTO "getherapp_classroom" VALUES (51,11,'미가엘관','M403',NULL);
INSERT INTO "getherapp_classroom" VALUES (52,11,'미가엘관','M404',NULL);
INSERT INTO "getherapp_classroom" VALUES (53,11,'미가엘관','M406',NULL);
INSERT INTO "getherapp_classroom" VALUES (54,11,'미가엘관','M407',NULL);
INSERT INTO "getherapp_professor" VALUES (1,'김돈회');
INSERT INTO "getherapp_professor" VALUES (2,'미지정');
INSERT INTO "getherapp_professor" VALUES (3,'노철래');
INSERT INTO "getherapp_professor" VALUES (4,'여재훈');
INSERT INTO "getherapp_professor" VALUES (5,'차피득');
INSERT INTO "getherapp_professor" VALUES (6,'이남호');
INSERT INTO "getherapp_professor" VALUES (7,'김은규');
INSERT INTO "getherapp_professor" VALUES (8,'김종훈');
INSERT INTO "getherapp_professor" VALUES (9,'양만호');
INSERT INTO "getherapp_professor" VALUES (10,'김미희');
INSERT INTO "getherapp_professor" VALUES (11,'이현지');
INSERT INTO "getherapp_professor" VALUES (12,'이종민');
INSERT INTO "getherapp_professor" VALUES (13,'김서중');
INSERT INTO "getherapp_professor" VALUES (14,'박남기');
INSERT INTO "getherapp_professor" VALUES (15,'이영아');
INSERT INTO "getherapp_professor" VALUES (16,'최우석');
INSERT INTO "getherapp_professor" VALUES (17,'조미혜');
INSERT INTO "getherapp_professor" VALUES (18,'양경은');
INSERT INTO "getherapp_professor" VALUES (19,'남일성');
INSERT INTO "getherapp_professor" VALUES (20,'송재민');
INSERT INTO "getherapp_professor" VALUES (21,'강성현');
INSERT INTO "getherapp_professor" VALUES (22,'오현화');
INSERT INTO "getherapp_professor" VALUES (23,'조경희');
INSERT INTO "getherapp_professor" VALUES (24,'김혜인');
INSERT INTO "getherapp_professor" VALUES (25,'장영석');
INSERT INTO "getherapp_professor" VALUES (26,'이주엽');
INSERT INTO "getherapp_professor" VALUES (27,'김선형');
INSERT INTO "getherapp_professor" VALUES (28,'이하규');
INSERT INTO "getherapp_professor" VALUES (29,'정연식');
INSERT INTO "getherapp_professor" VALUES (30,'이상윤');
INSERT INTO "getherapp_professor" VALUES (31,'최종환');
INSERT INTO "getherapp_professor" VALUES (32,'신동옥');
INSERT INTO "getherapp_professor" VALUES (33,'조효제');
INSERT INTO "getherapp_professor" VALUES (34,'신익상');
INSERT INTO "getherapp_professor" VALUES (35,'이해신');
INSERT INTO "getherapp_professor" VALUES (36,'김명철');
INSERT INTO "getherapp_professor" VALUES (37,'윤명호');
INSERT INTO "getherapp_professor" VALUES (38,'송용한');
INSERT INTO "getherapp_professor" VALUES (39,'이기덕');
INSERT INTO "getherapp_professor" VALUES (40,'한홍구');
INSERT INTO "getherapp_professor" VALUES (41,'김은규
이희수');
INSERT INTO "getherapp_professor" VALUES (42,'김병수');
INSERT INTO "getherapp_professor" VALUES (43,'이길우');
INSERT INTO "getherapp_professor" VALUES (44,'한해정');
INSERT INTO "getherapp_professor" VALUES (45,'김은규
이민수');
INSERT INTO "getherapp_professor" VALUES (46,'김시형');
INSERT INTO "getherapp_professor" VALUES (47,'김순남');
INSERT INTO "getherapp_professor" VALUES (48,'이숙진');
INSERT INTO "getherapp_professor" VALUES (49,'김영선');
INSERT INTO "getherapp_professor" VALUES (50,'고병헌');
INSERT INTO "getherapp_professor" VALUES (51,'염찬희');
INSERT INTO "getherapp_professor" VALUES (52,'윤숙희');
INSERT INTO "getherapp_professor" VALUES (53,'이예나');
INSERT INTO "getherapp_professor" VALUES (54,'전지윤');
INSERT INTO "getherapp_professor" VALUES (55,'김강배');
INSERT INTO "getherapp_professor" VALUES (56,'양경은
정종운');
INSERT INTO "getherapp_professor" VALUES (57,'이민수');
INSERT INTO "getherapp_professor" VALUES (58,'김한나');
INSERT INTO "getherapp_professor" VALUES (59,'전성원');
INSERT INTO "getherapp_professor" VALUES (60,'이은주');
INSERT INTO "getherapp_professor" VALUES (61,'송아름');
INSERT INTO "getherapp_professor" VALUES (62,'강나영');
INSERT INTO "getherapp_professor" VALUES (63,'박경호');
INSERT INTO "getherapp_professor" VALUES (64,'신주백');
INSERT INTO "getherapp_professor" VALUES (65,'심용환');
INSERT INTO "getherapp_professor" VALUES (66,'홍서연');
INSERT INTO "getherapp_professor" VALUES (67,'이성원');
INSERT INTO "getherapp_professor" VALUES (68,'이원석');
INSERT INTO "getherapp_professor" VALUES (69,'김성찬');
INSERT INTO "getherapp_professor" VALUES (70,'황순환');
INSERT INTO "getherapp_professor" VALUES (71,'김미란');
INSERT INTO "getherapp_professor" VALUES (72,'엄순천');
INSERT INTO "getherapp_professor" VALUES (73,'권용현');
INSERT INTO "getherapp_professor" VALUES (74,'장소정');
INSERT INTO "getherapp_professor" VALUES (75,'하지원');
INSERT INTO "getherapp_professor" VALUES (76,'한지수');
INSERT INTO "getherapp_professor" VALUES (77,'김현수');
INSERT INTO "getherapp_professor" VALUES (78,'김선화');
INSERT INTO "getherapp_professor" VALUES (79,'정은송');
INSERT INTO "getherapp_professor" VALUES (80,'임정아');
INSERT INTO "getherapp_professor" VALUES (81,'은주희');
INSERT INTO "getherapp_professor" VALUES (82,'정혜령');
INSERT INTO "getherapp_professor" VALUES (83,'이소연');
INSERT INTO "getherapp_professor" VALUES (84,'신재민');
INSERT INTO "getherapp_professor" VALUES (85,'한상진');
INSERT INTO "getherapp_professor" VALUES (86,'신지원');
INSERT INTO "getherapp_professor" VALUES (87,'류선미');
INSERT INTO "getherapp_professor" VALUES (88,'최우진');
INSERT INTO "getherapp_professor" VALUES (89,'소희정');
INSERT INTO "getherapp_professor" VALUES (90,'박미정');
INSERT INTO "getherapp_professor" VALUES (91,'김진업');
INSERT INTO "getherapp_professor" VALUES (92,'이웅');
INSERT INTO "getherapp_professor" VALUES (93,'김태우');
INSERT INTO "getherapp_professor" VALUES (94,'차보람');
INSERT INTO "getherapp_professor" VALUES (95,'박은희');
INSERT INTO "getherapp_professor" VALUES (96,'권혁태');
INSERT INTO "getherapp_professor" VALUES (97,'장화경');
INSERT INTO "getherapp_professor" VALUES (98,'박미숙');
INSERT INTO "getherapp_professor" VALUES (99,'장엽');
INSERT INTO "getherapp_professor" VALUES (100,'김은영');
INSERT INTO "getherapp_professor" VALUES (101,'최경옥');
INSERT INTO "getherapp_professor" VALUES (102,'정원오');
INSERT INTO "getherapp_professor" VALUES (103,'황인매');
INSERT INTO "getherapp_professor" VALUES (104,'이호종');
INSERT INTO "getherapp_professor" VALUES (105,'서진환');
INSERT INTO "getherapp_professor" VALUES (106,'현다운');
INSERT INTO "getherapp_professor" VALUES (107,'김연아');
INSERT INTO "getherapp_professor" VALUES (108,'조남경');
INSERT INTO "getherapp_professor" VALUES (109,'성진경');
INSERT INTO "getherapp_professor" VALUES (110,'오유석');
INSERT INTO "getherapp_professor" VALUES (111,'배성인');
INSERT INTO "getherapp_professor" VALUES (112,'김민성');
INSERT INTO "getherapp_professor" VALUES (113,'김이선');
INSERT INTO "getherapp_professor" VALUES (114,'정해진');
INSERT INTO "getherapp_professor" VALUES (115,'강영선');
INSERT INTO "getherapp_professor" VALUES (116,'유철규');
INSERT INTO "getherapp_professor" VALUES (117,'이상철');
INSERT INTO "getherapp_professor" VALUES (118,'이동한');
INSERT INTO "getherapp_professor" VALUES (119,'성명기');
INSERT INTO "getherapp_professor" VALUES (120,'김창진');
INSERT INTO "getherapp_professor" VALUES (121,'윤석준');
INSERT INTO "getherapp_professor" VALUES (122,'김선화
김용찬');
INSERT INTO "getherapp_professor" VALUES (123,'박상선
박윤규
장승권');
INSERT INTO "getherapp_professor" VALUES (124,'박성순');
INSERT INTO "getherapp_professor" VALUES (125,'이상훈');
INSERT INTO "getherapp_professor" VALUES (126,'염준규');
INSERT INTO "getherapp_professor" VALUES (127,'김아영');
INSERT INTO "getherapp_professor" VALUES (128,'강윤정');
INSERT INTO "getherapp_professor" VALUES (129,'이동욱');
INSERT INTO "getherapp_professor" VALUES (130,'백정숙');
INSERT INTO "getherapp_professor" VALUES (131,'조은기');
INSERT INTO "getherapp_professor" VALUES (132,'최영묵');
INSERT INTO "getherapp_professor" VALUES (133,'최진봉');
INSERT INTO "getherapp_professor" VALUES (134,'김명준');
INSERT INTO "getherapp_professor" VALUES (135,'윤목');
INSERT INTO "getherapp_professor" VALUES (136,'연희승');
INSERT INTO "getherapp_professor" VALUES (137,'양재영');
INSERT INTO "getherapp_professor" VALUES (138,'권정택');
INSERT INTO "getherapp_professor" VALUES (139,'김소연');
INSERT INTO "getherapp_professor" VALUES (140,'유은아');
INSERT INTO "getherapp_professor" VALUES (141,'이진순');
INSERT INTO "getherapp_professor" VALUES (142,'정윤수');
INSERT INTO "getherapp_professor" VALUES (143,'이정엽');
INSERT INTO "getherapp_professor" VALUES (144,'신미현');
INSERT INTO "getherapp_professor" VALUES (145,'전승배');
INSERT INTO "getherapp_professor" VALUES (146,'박인평');
INSERT INTO "getherapp_professor" VALUES (147,'김용찬');
INSERT INTO "getherapp_professor" VALUES (148,'호중훈');
INSERT INTO "getherapp_professor" VALUES (149,'김대우');
INSERT INTO "getherapp_professor" VALUES (150,'김현근');
INSERT INTO "getherapp_professor" VALUES (151,'현종찬');
INSERT INTO "getherapp_professor" VALUES (152,'이원정');
INSERT INTO "getherapp_professor" VALUES (153,'한태식');
INSERT INTO "getherapp_professor" VALUES (154,'이종승');
INSERT INTO "getherapp_professor" VALUES (155,'임충규');
INSERT INTO "getherapp_professor" VALUES (156,'김덕봉');
INSERT INTO "getherapp_professor" VALUES (157,'노은하');
INSERT INTO "getherapp_professor" VALUES (158,'유상신');
INSERT INTO "getherapp_professor" VALUES (159,'문성현');
INSERT INTO "getherapp_professor" VALUES (160,'장진웅');
INSERT INTO "getherapp_professor" VALUES (161,'이승진');
INSERT INTO "getherapp_professor" VALUES (162,'홍성준');
INSERT INTO "getherapp_professor" VALUES (163,'이종현');
INSERT INTO "getherapp_professor" VALUES (164,'정인철');
INSERT INTO "getherapp_professor" VALUES (165,'박승호');
INSERT INTO "getherapp_professor" VALUES (166,'채기화');
INSERT INTO "getherapp_professor" VALUES (167,'김창남');
INSERT INTO "getherapp_professor" VALUES (168,'박은홍');
INSERT INTO "getherapp_professor" VALUES (169,'박상선');
INSERT INTO "getherapp_professor" VALUES (170,'요코야마
나호코');
INSERT INTO "getherapp_professor" VALUES (171,'진영종');
INSERT INTO "getherapp_professor" VALUES (172,'백원담');
INSERT INTO "getherapp_professor" VALUES (173,'장희숙');
INSERT INTO "getherapp_professor" VALUES (174,'박윤규');
INSERT INTO "getherapp_professor" VALUES (175,'전현택');
INSERT INTO "getherapp_professor" VALUES (176,'홍은지');
INSERT INTO "getherapp_professor" VALUES (177,'윤영도');
INSERT INTO "getherapp_professor" VALUES (178,'김용득');
INSERT INTO "getherapp_professor" VALUES (179,'김동춘');
INSERT INTO "getherapp_professor" VALUES (180,'정연보');
INSERT INTO "getherapp_professor" VALUES (181,'신현준');
INSERT INTO "getherapp_professor" VALUES (182,'장승권');
INSERT INTO "getherapp_professor" VALUES (183,'김병수 , 신익상');
INSERT INTO "getherapp_professor" VALUES (184,'김병수 , 김명철');
INSERT INTO "getherapp_subject" VALUES (1,'교필','AA00002','비아메디아 채플 - 시각과 영성');
INSERT INTO "getherapp_subject" VALUES (2,'교필','AA00003','비아메디아 채플 - 서양음악과
영성');
INSERT INTO "getherapp_subject" VALUES (3,'교필','AA00004','비아메디아 채플 - 성공회이야기');
INSERT INTO "getherapp_subject" VALUES (4,'교필','AA00006','비아메디아 채플 - 열린 성공회
예배');
INSERT INTO "getherapp_subject" VALUES (5,'교필','AA00007','비아메디아 채플 - 노래로
경험하는 종교');
INSERT INTO "getherapp_subject" VALUES (6,'교필','AA00008','비아메디아 채플 - 나와 타인
이해하기');
INSERT INTO "getherapp_subject" VALUES (7,'교필','AA00009','비아메디아 채플 - 리더십의영성');
INSERT INTO "getherapp_subject" VALUES (8,'교필','AA00010','비아메디아 채플 - 쟁점으로
만나는 그리스도교 ( 비아 메디아 )');
INSERT INTO "getherapp_subject" VALUES (9,'교필','AA00015','비아메디아 채플 - 함께 나누는
세상');
INSERT INTO "getherapp_subject" VALUES (10,'교필','AK00001','비아메디아 채플 - 정신분석으로
바라본 애착 관계와 영성');
INSERT INTO "getherapp_subject" VALUES (11,'교필','AK00002','비아메디아 채플 - 예술 치료와
영성');
INSERT INTO "getherapp_subject" VALUES (12,'교필','AK00003','비아메디아 채플 - 인간심리와
기독교 명상');
INSERT INTO "getherapp_subject" VALUES (13,'교필','AC00003','사회봉사 I');
INSERT INTO "getherapp_subject" VALUES (14,'교필','AC00014','대학생활세미나 II
( 미디어융합 3 반 )');
INSERT INTO "getherapp_subject" VALUES (15,'교필','AC00013','말과글');
INSERT INTO "getherapp_subject" VALUES (16,'교필','AC00007','인권과평화');
INSERT INTO "getherapp_subject" VALUES (17,'교필','AC00016','과학기술과 에콜로지');
INSERT INTO "getherapp_subject" VALUES (18,'교필','AC00015','데이터 활용 및  분석');
INSERT INTO "getherapp_subject" VALUES (19,'교선','AD00150','한국현대사회의 이해');
INSERT INTO "getherapp_subject" VALUES (20,'교선','AE00067','법학개론 II');
INSERT INTO "getherapp_subject" VALUES (21,'교선','AD00035','한국소설산책');
INSERT INTO "getherapp_subject" VALUES (22,'교선','AD00147','한국독립운동사 ( 약산 김원봉
기념강좌 )');
INSERT INTO "getherapp_subject" VALUES (23,'교선','AD00205','이슬람과기독교세계의갈등과
평화');
INSERT INTO "getherapp_subject" VALUES (24,'교선','AD00207','인류세와포스트휴먼주체들');
INSERT INTO "getherapp_subject" VALUES (25,'교선','AF00037','자연과 생명');
INSERT INTO "getherapp_subject" VALUES (26,'교선','AF00050','천문학의 세계');
INSERT INTO "getherapp_subject" VALUES (27,'교선','AF00056','기후위기와 지속가능한 농업');
INSERT INTO "getherapp_subject" VALUES (28,'교선','AD00010','서양사의 이해');
INSERT INTO "getherapp_subject" VALUES (29,'교선','AD00049','한국현대사');
INSERT INTO "getherapp_subject" VALUES (30,'교선','AD00170','종교 예술로의 여행 I');
INSERT INTO "getherapp_subject" VALUES (31,'교선','AD00189','서양철학 고전 강독');
INSERT INTO "getherapp_subject" VALUES (32,'교선','AE00043','성 사랑 결혼');
INSERT INTO "getherapp_subject" VALUES (33,'교선','AE00069','일상의 페미니즘');
INSERT INTO "getherapp_subject" VALUES (34,'교선','AE00087','젠더로 역사읽기');
INSERT INTO "getherapp_subject" VALUES (35,'교선','AK00010','더불어숲인문학 ( 책읽기와삶쓰
기 )');
INSERT INTO "getherapp_subject" VALUES (36,'교선','AE00039','협동조합과 대안사회');
INSERT INTO "getherapp_subject" VALUES (37,'교선','AE00073','팀창업입문');
INSERT INTO "getherapp_subject" VALUES (38,'교선','AE00106','공정무역비즈니스모델과운동');
INSERT INTO "getherapp_subject" VALUES (39,'교선','AF00048','생활속의 물리학');
INSERT INTO "getherapp_subject" VALUES (40,'교선','AK00023','다어울림');
INSERT INTO "getherapp_subject" VALUES (41,'교선','AD00059','시각문화와 예술');
INSERT INTO "getherapp_subject" VALUES (42,'교선','AD00105','온라인 게임과 종교적 상징');
INSERT INTO "getherapp_subject" VALUES (43,'교선','AD00126','책의문화사');
INSERT INTO "getherapp_subject" VALUES (44,'교선','AD00127','미술과 상상력');
INSERT INTO "getherapp_subject" VALUES (45,'교선','AD00156','드라마의 이해');
INSERT INTO "getherapp_subject" VALUES (46,'교선','AE00001','영상시대의이해');
INSERT INTO "getherapp_subject" VALUES (47,'교선','AF00008','과학기술과 사회');
INSERT INTO "getherapp_subject" VALUES (48,'교선','AF00015','인공지능 시대의 과학과
종교');
INSERT INTO "getherapp_subject" VALUES (49,'교선','AF00042','4 차 산업혁명과 암호화폐
개론');
INSERT INTO "getherapp_subject" VALUES (50,'교선','AK00012','근대과학의풍경');
INSERT INTO "getherapp_subject" VALUES (51,'교선','AK00016','한국도시공간의역사와일상의
변화');
INSERT INTO "getherapp_subject" VALUES (52,'교선','AK00017','동아시아역사와문화');
INSERT INTO "getherapp_subject" VALUES (53,'교선','AK00020','세계음식과역사');
INSERT INTO "getherapp_subject" VALUES (54,'교선','AK00022','게임 , 역사 , 미래');
INSERT INTO "getherapp_subject" VALUES (55,'교선','AD00042','논리와 비판적 사고');
INSERT INTO "getherapp_subject" VALUES (56,'교선','AD00094','기초영자신문읽기');
INSERT INTO "getherapp_subject" VALUES (57,'교선','AD00109','기초영문법 II');
INSERT INTO "getherapp_subject" VALUES (58,'교선','AE00097','한국경제의 이해');
INSERT INTO "getherapp_subject" VALUES (59,'교선','AF00053','공업수학');
INSERT INTO "getherapp_subject" VALUES (60,'교선','AK00011','확률과통계');
INSERT INTO "getherapp_subject" VALUES (61,'교선','AK00014','빅데이터와경영경제탐구');
INSERT INTO "getherapp_subject" VALUES (62,'교선','AD00011','교양중국어 초급');
INSERT INTO "getherapp_subject" VALUES (63,'교선','AD00066','교양러시아어 I');
INSERT INTO "getherapp_subject" VALUES (64,'교선','AD00142','영어다의어 II: 알맹이와
껍데기');
INSERT INTO "getherapp_subject" VALUES (65,'교선','AK00013','현대문학톺아읽기');
INSERT INTO "getherapp_subject" VALUES (66,'교선','AD00033','대학합창 II');
INSERT INTO "getherapp_subject" VALUES (67,'교선','AD00111','서사 · 스토리텔링의 분석과 창조');
INSERT INTO "getherapp_subject" VALUES (68,'교선','AD00162','사교무용 - 탱고');
INSERT INTO "getherapp_subject" VALUES (69,'교선','AD00193','실용음악의 이해와 감상 Ⅱ
( 대중음악 )');
INSERT INTO "getherapp_subject" VALUES (70,'교선','AE00091','마을만들기 실습');
INSERT INTO "getherapp_subject" VALUES (71,'교선','AE00092','필란트로피의 이해와 실천');
INSERT INTO "getherapp_subject" VALUES (72,'교선','AE00101','창업의 정석');
INSERT INTO "getherapp_subject" VALUES (73,'교선','AE00105','사람');
INSERT INTO "getherapp_subject" VALUES (74,'교선','AK00019','더불어숲인문학 ( 문학속문화읽기 )');
INSERT INTO "getherapp_subject" VALUES (75,'교선','AK00021','요가');
INSERT INTO "getherapp_subject" VALUES (76,'평교','AG00003','평생교육실습');
INSERT INTO "getherapp_subject" VALUES (77,'평교','AG00005','원격교육활용론');
INSERT INTO "getherapp_subject" VALUES (78,'평교','AG00013','평생교육경영학');
INSERT INTO "getherapp_subject" VALUES (79,'평교','AG00015','평생교육프로그램개발');
INSERT INTO "getherapp_subject" VALUES (80,'평교','AG00016','청소년교육론');
INSERT INTO "getherapp_subject" VALUES (81,'평교','AG00026','시민교육론');
INSERT INTO "getherapp_subject" VALUES (82,'교선','AH00022','진로탐색과 자기계발');
INSERT INTO "getherapp_subject" VALUES (83,'교선','AH00023','취업전략과 사회진출');
INSERT INTO "getherapp_subject" VALUES (84,'교선','AH00056','창업과 지식재산');
INSERT INTO "getherapp_subject" VALUES (85,'교선','AH00057','스타트업비즈니스전략수립');
INSERT INTO "getherapp_subject" VALUES (86,'교선','AU00004','예술심리치료의 이해');
INSERT INTO "getherapp_subject" VALUES (87,'전탐','VH00004','영미문학기행');
INSERT INTO "getherapp_subject" VALUES (88,'전탐','VS00002','헷갈리는 사회문제 깊이
들여다보기');
INSERT INTO "getherapp_subject" VALUES (89,'전탐','VS00007','사회학의 초대');
INSERT INTO "getherapp_subject" VALUES (90,'전탐','VS00012','경제환경과 기업경영');
INSERT INTO "getherapp_subject" VALUES (91,'전탐','VD00003','디지털기초디자인');
INSERT INTO "getherapp_subject" VALUES (92,'전탐','VM00003','민주주의와 저널리즘');
INSERT INTO "getherapp_subject" VALUES (93,'전탐','VI00003','컴퓨터조립및활용');
INSERT INTO "getherapp_subject" VALUES (94,'전선','LA00029','현대사회에서신학하기');
INSERT INTO "getherapp_subject" VALUES (95,'전선','LA00030','신화와인간심리');
INSERT INTO "getherapp_subject" VALUES (96,'전필','LB00003','영어독서지도');
INSERT INTO "getherapp_subject" VALUES (97,'전필','LB00004','영어문장이해 II');
INSERT INTO "getherapp_subject" VALUES (98,'전필','LB00008','영어 다의어 2: 알맹이와
껍데기');
INSERT INTO "getherapp_subject" VALUES (99,'전선','LB00009','영어로 읽는 한국 2');
INSERT INTO "getherapp_subject" VALUES (100,'전선','LB00013','언어와 커뮤니케이션 1');
INSERT INTO "getherapp_subject" VALUES (101,'전선','LC00003','일본근현대문학의 이해');
INSERT INTO "getherapp_subject" VALUES (102,'전선','LC00004','일본근현대사');
INSERT INTO "getherapp_subject" VALUES (103,'전필','LC00010','일본학세미나');
INSERT INTO "getherapp_subject" VALUES (104,'전선','LC00013','현대일본론');
INSERT INTO "getherapp_subject" VALUES (105,'전선','LC00026','한일문화콘텐츠통번역 2');
INSERT INTO "getherapp_subject" VALUES (106,'전선','LD00007','중국어프리젠테이션');
INSERT INTO "getherapp_subject" VALUES (107,'전필','LD00010','중국사회사정');
INSERT INTO "getherapp_subject" VALUES (108,'전선','LD00022','중국신문분석');
INSERT INTO "getherapp_subject" VALUES (109,'전필','MA00001','인간행동과사회환경');
INSERT INTO "getherapp_subject" VALUES (110,'전필','MA00003','사회복지조사론');
INSERT INTO "getherapp_subject" VALUES (111,'전필','MA00006','사회복지정책론');
INSERT INTO "getherapp_subject" VALUES (112,'전필','MA00007','사회복지행정론');
INSERT INTO "getherapp_subject" VALUES (113,'전필','MA00008','사회복지법제와실천');
INSERT INTO "getherapp_subject" VALUES (114,'전선','MA00009','아동복지론');
INSERT INTO "getherapp_subject" VALUES (115,'전선','MA00010','정신건강론');
INSERT INTO "getherapp_subject" VALUES (116,'전선','MA00011','노인복지론');
INSERT INTO "getherapp_subject" VALUES (117,'전선','MA00014','복지국가론');
INSERT INTO "getherapp_subject" VALUES (118,'전선','MA00017','사회복지윤리와철학');
INSERT INTO "getherapp_subject" VALUES (119,'전선','MA00029','졸업세미나');
INSERT INTO "getherapp_subject" VALUES (120,'전선','MA00030','사회적약자를위한크라우드펀
딩');
INSERT INTO "getherapp_subject" VALUES (121,'전선','MB00002','자본주의의이해');
INSERT INTO "getherapp_subject" VALUES (122,'전선','MB00003','사회이론의이해');
INSERT INTO "getherapp_subject" VALUES (123,'전필','MB00006','사회학개론');
INSERT INTO "getherapp_subject" VALUES (124,'전선','MB00008','역사사회학');
INSERT INTO "getherapp_subject" VALUES (125,'전선','MB00012','비교사회체제론');
INSERT INTO "getherapp_subject" VALUES (126,'전선','MB00014','환경과사회');
INSERT INTO "getherapp_subject" VALUES (127,'전선','MB00019','글로벌 사회학');
INSERT INTO "getherapp_subject" VALUES (128,'전선','MB00028','사회조사데이터분석');
INSERT INTO "getherapp_subject" VALUES (129,'전선','MB00030','교육과사회');
INSERT INTO "getherapp_subject" VALUES (130,'전선','MB00032','사회를위한경제');
INSERT INTO "getherapp_subject" VALUES (131,'전필','MC00002','경제학세미나 I');
INSERT INTO "getherapp_subject" VALUES (132,'전선','MC00006','자본주의의역사');
INSERT INTO "getherapp_subject" VALUES (133,'전선','MC00008','분배와복지의경제학');
INSERT INTO "getherapp_subject" VALUES (134,'전선','MC00011','경제수학');
INSERT INTO "getherapp_subject" VALUES (135,'전선','MD00002','정당과 선거');
INSERT INTO "getherapp_subject" VALUES (136,'전선','MD00003','영화로보는제국의정치학');
INSERT INTO "getherapp_subject" VALUES (137,'전선','MD00026','국제정치론');
INSERT INTO "getherapp_subject" VALUES (138,'전선','ME00001','크리에이터를 위한
핵심창업지식');
INSERT INTO "getherapp_subject" VALUES (139,'전선','ME00002','글로벌비지니스의 이해');
INSERT INTO "getherapp_subject" VALUES (140,'전필','ME00009','경영전략');
INSERT INTO "getherapp_subject" VALUES (141,'전필','ME00012','마케팅');
INSERT INTO "getherapp_subject" VALUES (142,'전선','ME00014','셀프리더십');
INSERT INTO "getherapp_subject" VALUES (143,'전필','ME00017','조직행동');
INSERT INTO "getherapp_subject" VALUES (144,'전선','ME00023','디지털 마케팅');
INSERT INTO "getherapp_subject" VALUES (145,'전선','ME00024','서비스 경영');
INSERT INTO "getherapp_subject" VALUES (146,'전선','ME00027','경영회계');
INSERT INTO "getherapp_subject" VALUES (147,'전선','PB00001','스토리텔링과 미디어');
INSERT INTO "getherapp_subject" VALUES (148,'전선','PB00002','사진커뮤니케이션');
INSERT INTO "getherapp_subject" VALUES (149,'전선','PB00003','미디어법과정책');
INSERT INTO "getherapp_subject" VALUES (150,'전필','PB00006','미디어조사방법');
INSERT INTO "getherapp_subject" VALUES (151,'전필','PB00008','기사작성과 편집');
INSERT INTO "getherapp_subject" VALUES (152,'전필','PB00010','스피치커뮤니케이션');
INSERT INTO "getherapp_subject" VALUES (153,'전선','PB00012','뉴미디어와사회운동');
INSERT INTO "getherapp_subject" VALUES (154,'전선','PB00013','광고크리에이티브');
INSERT INTO "getherapp_subject" VALUES (155,'전선','PB00014','영상제작실습 II');
INSERT INTO "getherapp_subject" VALUES (156,'전선','PB00015','1 인방송제작실습');
INSERT INTO "getherapp_subject" VALUES (157,'전선','PB00016','문화기획과예술경영');
INSERT INTO "getherapp_subject" VALUES (158,'전선','PB00017','연극과커뮤니케이션');
INSERT INTO "getherapp_subject" VALUES (159,'전선','PB00018','영상분석과비평');
INSERT INTO "getherapp_subject" VALUES (160,'전선','PB00019','광고캠페인');
INSERT INTO "getherapp_subject" VALUES (161,'전선','PB00020','소셜미디어와 시민사회');
INSERT INTO "getherapp_subject" VALUES (162,'전선','PB00043','커뮤니케이션 사상사');
INSERT INTO "getherapp_subject" VALUES (163,'전선','PB00044','4 차 산업혁명과 디지털
미디어 플랫폼');
INSERT INTO "getherapp_subject" VALUES (164,'전선','PD00001','문화기획의이론과실천');
INSERT INTO "getherapp_subject" VALUES (165,'전선','PD00002','미디어문화 & 사회');
INSERT INTO "getherapp_subject" VALUES (166,'전필','PA00002','3D 모델링');
INSERT INTO "getherapp_subject" VALUES (167,'전선','PA00009','디자인소재연구');
INSERT INTO "getherapp_subject" VALUES (168,'전선','PA00010','영상디자인 II');
INSERT INTO "getherapp_subject" VALUES (169,'전선','PA00012','컨셉 아트');
INSERT INTO "getherapp_subject" VALUES (170,'전필','PA00024','영상디자인 I');
INSERT INTO "getherapp_subject" VALUES (171,'전선','PA00028','일러스트 작품제작');
INSERT INTO "getherapp_subject" VALUES (172,'전선','PA00032','스토리보드 제작');
INSERT INTO "getherapp_subject" VALUES (173,'전선','PA00033','실험애니메이션');
INSERT INTO "getherapp_subject" VALUES (174,'전필','PA00035','게임제작');
INSERT INTO "getherapp_subject" VALUES (175,'전선','PA00041','3D 캐릭터애니메이션 2');
INSERT INTO "getherapp_subject" VALUES (176,'전선','PA00048','디지털음악 II');
INSERT INTO "getherapp_subject" VALUES (177,'전선','PA00051','캡스톤디자인 -
콘텐츠제작프로젝트 2');
INSERT INTO "getherapp_subject" VALUES (178,'전선','PA00053','인턴십 세미나');
INSERT INTO "getherapp_subject" VALUES (179,'전선','PC00002','콘텐츠프로듀싱실무론');
INSERT INTO "getherapp_subject" VALUES (180,'전선','PC00006','코딩으로배우는미디어아트');
INSERT INTO "getherapp_subject" VALUES (181,'전선','PC00007','하드서페이스프랍모델링');
INSERT INTO "getherapp_subject" VALUES (182,'전선','PC00011','디지털미디어발상과표현');
INSERT INTO "getherapp_subject" VALUES (183,'전필','PC00012','디지털이미지비평');
INSERT INTO "getherapp_subject" VALUES (184,'전필','XA00003','컴퓨터구조');
INSERT INTO "getherapp_subject" VALUES (185,'전선','XA00006','과정지도 2');
INSERT INTO "getherapp_subject" VALUES (186,'전선','XA00022','네트워크프로그래밍');
INSERT INTO "getherapp_subject" VALUES (187,'전선','XA00023','게임프로그래밍');
INSERT INTO "getherapp_subject" VALUES (188,'전선','XA00026','과정지도 3-2');
INSERT INTO "getherapp_subject" VALUES (189,'전선','XA00031','졸업지도 2');
INSERT INTO "getherapp_subject" VALUES (190,'전필','XA00034','컴퓨터공학캡스톤디자인');
INSERT INTO "getherapp_subject" VALUES (191,'전필','XB00001','운영체제');
INSERT INTO "getherapp_subject" VALUES (192,'전필','XB00002','자료구조');
INSERT INTO "getherapp_subject" VALUES (193,'전선','XB00013','사물인터넷');
INSERT INTO "getherapp_subject" VALUES (194,'전선','XB00018','시스템분석 및 설계');
INSERT INTO "getherapp_subject" VALUES (195,'전선','XB00022','빅데이터실무');
INSERT INTO "getherapp_subject" VALUES (196,'전선','XB00024','네트워크 프로그래밍');
INSERT INTO "getherapp_subject" VALUES (197,'전선','XB00027','백엔드프레임워크');
INSERT INTO "getherapp_subject" VALUES (198,'전선','XB00028','Java 프로젝트');
INSERT INTO "getherapp_subject" VALUES (199,'전선','XB00029','통계자료분석 및 실습');
INSERT INTO "getherapp_subject" VALUES (200,'전선','XB00030','웹 개발 입문');
INSERT INTO "getherapp_subject" VALUES (201,'전선','XB00037','Java 프로그래밍');
INSERT INTO "getherapp_subject" VALUES (202,'전필','XC00028','졸업지도');
INSERT INTO "getherapp_subject" VALUES (203,'전선','XC00003','데이터통신');
INSERT INTO "getherapp_subject" VALUES (204,'전선','XC00004','디지털회로실험');
INSERT INTO "getherapp_subject" VALUES (205,'전선','XC00005','사물인터넷');
INSERT INTO "getherapp_subject" VALUES (206,'전선','XC00025','임베디드시스템');
INSERT INTO "getherapp_subject" VALUES (207,'전선','XC00026','인터넷보안');
INSERT INTO "getherapp_subject" VALUES (208,'전선','XC00031','정보보호개론');
INSERT INTO "getherapp_subject" VALUES (209,'전선','ZD00002','아시아현장과액티비즘');
INSERT INTO "getherapp_subject" VALUES (210,'교선','AE00038','정치경제학');
INSERT INTO "getherapp_subject" VALUES (211,'교선','AE00071','한국노동운동의 역사와 이론');
INSERT INTO "getherapp_subject" VALUES (212,'교선','AE00090','돌봄의 심리학');
INSERT INTO "getherapp_subject" VALUES (213,'교선','AE00033','정신분석과 자기이해');
INSERT INTO "getherapp_subject" VALUES (214,'교선','AK00015','인공지능과미래사회');
INSERT INTO "getherapp_subject" VALUES (215,'교선','AE00008','매스컴과 현대사회');
INSERT INTO "getherapp_subject" VALUES (216,'교선','AE00012','아시아사회와 문화');
INSERT INTO "getherapp_subject" VALUES (217,'교선','AE00108','통계와데이터분석');
INSERT INTO "getherapp_subject" VALUES (218,'교선','AD00003','기초일본어');
INSERT INTO "getherapp_subject" VALUES (219,'교선','AD00004','실용 일본어');
INSERT INTO "getherapp_subject" VALUES (220,'교선','AE00041','정신건강');
INSERT INTO "getherapp_subject" VALUES (221,'교선','AE00056','TED Presentation');
INSERT INTO "getherapp_subject" VALUES (222,'교선','AK00018','더불어숲인문학 ( 동화의세계 )');
INSERT INTO "getherapp_subject" VALUES (223,'전선','LB00001','영화로 읽는 셰익스피어');
INSERT INTO "getherapp_subject" VALUES (224,'전선','LB00005','영미문학 : 자연과 인간');
INSERT INTO "getherapp_subject" VALUES (225,'전필','LB00012','영미문학개론');
INSERT INTO "getherapp_subject" VALUES (226,'전선','LC00006','일본어표현연습');
INSERT INTO "getherapp_subject" VALUES (227,'전필','LC00011','일본학입문');
INSERT INTO "getherapp_subject" VALUES (228,'전필','LD00002','중국고전을 읽다');
INSERT INTO "getherapp_subject" VALUES (229,'전선','LD00009','중국어 작문 연습');
INSERT INTO "getherapp_subject" VALUES (230,'전필','MA00002','지역사회복지론');
INSERT INTO "getherapp_subject" VALUES (231,'전필','MA00004','사회복지실천론');
INSERT INTO "getherapp_subject" VALUES (232,'전필','MA00005','사회복지실천기술론');
INSERT INTO "getherapp_subject" VALUES (233,'전선','MA00031','사회복지의심리학');
INSERT INTO "getherapp_subject" VALUES (234,'전선','MC00001','거시경제학 ( 국민소득론 )');
INSERT INTO "getherapp_subject" VALUES (235,'전선','MD00004','정치이론과비교정치');
INSERT INTO "getherapp_subject" VALUES (236,'전선','MD00020','사회주의 체제와 북한');
INSERT INTO "getherapp_subject" VALUES (237,'전필','ME00003','경영정보시스템');
INSERT INTO "getherapp_subject" VALUES (238,'전선','ME00004','디지털비즈니스모델의이해');
INSERT INTO "getherapp_subject" VALUES (239,'전선','ME00028','경영빅데이터프로그래밍');
INSERT INTO "getherapp_subject" VALUES (240,'전선','PA00004','뉴미디어를 위한 아트 앤
테크닉');
INSERT INTO "getherapp_subject" VALUES (241,'전필','PA00021','디지털 라이팅과 랜더링');
INSERT INTO "getherapp_subject" VALUES (242,'전선','PC00008','콘텐츠와디지털전환시대');
INSERT INTO "getherapp_subject" VALUES (243,'전탐','VH00005','일본의 생활문화');
INSERT INTO "getherapp_subject" VALUES (244,'전탐','VH00008','English Pronunciation');
INSERT INTO "getherapp_subject" VALUES (245,'전탐','VH00009','키워드로 본 오늘의 중국');
INSERT INTO "getherapp_subject" VALUES (246,'전탐','VH00010','쉽게 배우는 중국어');
INSERT INTO "getherapp_subject" VALUES (247,'전탐','VI00002','Python 프로그래밍');
INSERT INTO "getherapp_subject" VALUES (248,'전탐','VI00019','데이터기초수학 1');
INSERT INTO "getherapp_subject" VALUES (249,'전탐','VS00010','경제학의 초대');
INSERT INTO "getherapp_subject" VALUES (250,'전탐','VS00029','사회복지와인권');
INSERT INTO "getherapp_subject" VALUES (251,'전필','XA00001','데이터통신');
INSERT INTO "getherapp_subject" VALUES (252,'전선','XA00017','Python 프로그래밍');
INSERT INTO "getherapp_subject" VALUES (253,'전선','XA00019','모바일프로그래밍');
INSERT INTO "getherapp_subject" VALUES (254,'전선','XB00005','데이터베이스');
INSERT INTO "getherapp_subject" VALUES (255,'전선','XB00008','웹프로그래밍');
INSERT INTO "getherapp_subject" VALUES (256,'전선','XB00021','Python 프로그래밍');
INSERT INTO "getherapp_subject" VALUES (257,'전선','XB00026','서버구축및형상관리');
INSERT INTO "getherapp_subject" VALUES (258,'전선','XC00006','컴퓨터구조');
INSERT INTO "getherapp_subject" VALUES (259,'전선','XC00024','C++ 프로그래밍');
INSERT INTO "getherapp_subject" VALUES (260,'전선','XE00001','데이터분석입문');
INSERT INTO "getherapp_subject" VALUES (261,'전필','LB00006','미국문화와 사회');
INSERT INTO "getherapp_subject" VALUES (262,'전선','LB00010','영어교수법및학습법 II');
INSERT INTO "getherapp_subject" VALUES (263,'전선','LB00026','영어발달사');
INSERT INTO "getherapp_subject" VALUES (264,'전필','LB00027','영작문 2');
INSERT INTO "getherapp_subject" VALUES (265,'전선','LC00002','스크린일본어');
INSERT INTO "getherapp_subject" VALUES (266,'전선','LC00007','일본원서 강독 2');
INSERT INTO "getherapp_subject" VALUES (267,'전선','LD00003','중국어회화 Ⅲ');
INSERT INTO "getherapp_subject" VALUES (268,'전선','LD00004','중국문화산업');
INSERT INTO "getherapp_subject" VALUES (269,'전선','LD00005','중국어 회화 I');
INSERT INTO "getherapp_subject" VALUES (270,'전선','LD00008','한중번역연습');
INSERT INTO "getherapp_subject" VALUES (271,'전선','MA00012','장애인복지론');
INSERT INTO "getherapp_subject" VALUES (272,'전선','MA00015','사회복지자료분석론');
INSERT INTO "getherapp_subject" VALUES (273,'전선','MB00001','계급과 계층');
INSERT INTO "getherapp_subject" VALUES (274,'전선','MB00004','젠더사회학');
INSERT INTO "getherapp_subject" VALUES (275,'전선','MB00026','몸의 사회학');
INSERT INTO "getherapp_subject" VALUES (276,'전선','MC00003','문화경제학');
INSERT INTO "getherapp_subject" VALUES (277,'전선','MC00004','재정학');
INSERT INTO "getherapp_subject" VALUES (278,'전필','MC00005','경제학개론');
INSERT INTO "getherapp_subject" VALUES (279,'전선','MC00007','노동경제학');
INSERT INTO "getherapp_subject" VALUES (280,'전필','MD00001','정치학개론');
INSERT INTO "getherapp_subject" VALUES (281,'전선','ME00005','인적자원관리');
INSERT INTO "getherapp_subject" VALUES (282,'전선','ME00006','기업과 사회');
INSERT INTO "getherapp_subject" VALUES (283,'전필','ME00007','기업재무관리');
INSERT INTO "getherapp_subject" VALUES (284,'전선','ME00010','경영의사결정론');
INSERT INTO "getherapp_subject" VALUES (285,'전선','PA00023','디지털콘텐츠 해외사례분석');
INSERT INTO "getherapp_subject" VALUES (286,'전선','PA00044','한중일캐릭터비교');
INSERT INTO "getherapp_subject" VALUES (287,'전선','PB00004','한국현대문화사');
INSERT INTO "getherapp_subject" VALUES (288,'전선','PB00009','저작권과지적재산권');
INSERT INTO "getherapp_subject" VALUES (289,'전선','PC00009','글로벌문화코드와콘텐츠');
INSERT INTO "getherapp_subject" VALUES (290,'전탐','VD00001','3D 기초와활용');
INSERT INTO "getherapp_subject" VALUES (291,'전탐','VH00006','네이티브 일본어회화');
INSERT INTO "getherapp_subject" VALUES (292,'전탐','VH00012','수도원 기행');
INSERT INTO "getherapp_subject" VALUES (293,'전탐','VH00014','한일교류론');
INSERT INTO "getherapp_subject" VALUES (294,'전탐','VH00031','종교심리학');
INSERT INTO "getherapp_subject" VALUES (295,'전탐','VI00005','웹개발입문');
INSERT INTO "getherapp_subject" VALUES (296,'전탐','VI00018','인공지능입문');
INSERT INTO "getherapp_subject" VALUES (297,'전탐','VM00002','커뮤니케이션의 이해');
INSERT INTO "getherapp_subject" VALUES (298,'전탐','VS00001','영상으로보는정치의세계');
INSERT INTO "getherapp_subject" VALUES (299,'전탐','VS00009','정치학의 초대');
INSERT INTO "getherapp_subject" VALUES (300,'전탐','VS00011','생활과 금융');
INSERT INTO "getherapp_subject" VALUES (301,'전탐','VS00013','사회복지학개론');
INSERT INTO "getherapp_subject" VALUES (302,'전탐','VS00028','우리사는경제 어디서 왔을까 2
:'' 한국경제의역사적전개 ''');
INSERT INTO "getherapp_subject" VALUES (303,'전탐','XA00005','C++ 프로그래밍');
INSERT INTO "getherapp_subject" VALUES (304,'전필','XA00021','운영체제');
INSERT INTO "getherapp_subject" VALUES (305,'전선','XB00004','컴퓨터구조');
INSERT INTO "getherapp_subject" VALUES (306,'전선','XB00006','데이터통신');
INSERT INTO "getherapp_subject" VALUES (307,'전필','XB00007','알고리즘');
INSERT INTO "getherapp_subject" VALUES (308,'전선','XC00023','네트워크프로그래밍');
INSERT INTO "getherapp_subject" VALUES (309,'전필','XE00002','머신러닝');
INSERT INTO "getherapp_class" VALUES (1,NULL,'월',NULL,'11:00','11:50',1,47,1);
INSERT INTO "getherapp_class" VALUES (2,NULL,'월',NULL,'10:00','10:50',2,47,2);
INSERT INTO "getherapp_class" VALUES (3,NULL,'월',NULL,'13:00','13:50',3,47,3);
INSERT INTO "getherapp_class" VALUES (4,NULL,'금',NULL,'11:00','11:50',4,43,4);
INSERT INTO "getherapp_class" VALUES (5,NULL,'목',NULL,'11:00','11:50',5,43,5);
INSERT INTO "getherapp_class" VALUES (6,NULL,'월',NULL,'12:00','12:50',6,47,6);
INSERT INTO "getherapp_class" VALUES (7,NULL,'월',NULL,'14:00','14:50',7,47,7);
INSERT INTO "getherapp_class" VALUES (8,NULL,'목',NULL,'11:00','11:50',8,47,8);
INSERT INTO "getherapp_class" VALUES (9,NULL,'화',NULL,'11:00','11:50',9,47,9);
INSERT INTO "getherapp_class" VALUES (10,NULL,'목',NULL,'10:00','10:50',10,47,10);
INSERT INTO "getherapp_class" VALUES (11,NULL,'수',NULL,'11:00','11:50',11,47,11);
INSERT INTO "getherapp_class" VALUES (12,NULL,'화',NULL,'14:00','14:50',12,47,12);
INSERT INTO "getherapp_class" VALUES (13,NULL,'수',NULL,'10:30','11:45',3,29,13);
INSERT INTO "getherapp_class" VALUES (14,NULL,'목',NULL,'10:30','11:45',3,29,13);
INSERT INTO "getherapp_class" VALUES (15,NULL,'금',NULL,'10:00','11:50',13,7,14);
INSERT INTO "getherapp_class" VALUES (16,NULL,'금',NULL,'10:00','11:50',14,9,14);
INSERT INTO "getherapp_class" VALUES (17,NULL,'금',NULL,'13:00','14:50',13,7,14);
INSERT INTO "getherapp_class" VALUES (18,NULL,'금',NULL,'13:00','14:50',15,9,14);
INSERT INTO "getherapp_class" VALUES (19,NULL,'금',NULL,'10:00','11:50',16,34,14);
INSERT INTO "getherapp_class" VALUES (20,NULL,'금',NULL,'10:00','11:50',17,33,14);
INSERT INTO "getherapp_class" VALUES (21,NULL,'금',NULL,'10:00','11:50',18,35,14);
INSERT INTO "getherapp_class" VALUES (22,NULL,'금',NULL,'10:00','11:50',19,36,14);
INSERT INTO "getherapp_class" VALUES (23,NULL,'금',NULL,'13:00','14:50',20,34,14);
INSERT INTO "getherapp_class" VALUES (24,NULL,'금',NULL,'13:00','14:50',21,33,14);
INSERT INTO "getherapp_class" VALUES (25,NULL,'금',NULL,'13:00','14:50',22,35,14);
INSERT INTO "getherapp_class" VALUES (26,NULL,'금',NULL,'13:00','14:50',23,36,14);
INSERT INTO "getherapp_class" VALUES (27,NULL,'금',NULL,'10:00','11:50',24,37,14);
INSERT INTO "getherapp_class" VALUES (28,NULL,'금',NULL,'10:00','11:50',25,31,14);
INSERT INTO "getherapp_class" VALUES (29,NULL,'금',NULL,'10:00','11:50',26,32,14);
INSERT INTO "getherapp_class" VALUES (30,NULL,'금',NULL,'10:00','11:50',5,26,14);
INSERT INTO "getherapp_class" VALUES (31,NULL,'금',NULL,'13:00','14:50',5,37,14);
INSERT INTO "getherapp_class" VALUES (32,NULL,'금',NULL,'13:00','14:50',24,31,14);
INSERT INTO "getherapp_class" VALUES (33,NULL,'금',NULL,'13:00','14:50',25,32,14);
INSERT INTO "getherapp_class" VALUES (34,NULL,'금',NULL,'13:00','14:50',26,26,14);
INSERT INTO "getherapp_class" VALUES (35,NULL,'금',NULL,'10:00','11:50',27,18,14);
INSERT INTO "getherapp_class" VALUES (36,NULL,'금',NULL,'10:00','11:50',28,21,14);
INSERT INTO "getherapp_class" VALUES (37,NULL,'금',NULL,'10:00','11:50',29,14,14);
INSERT INTO "getherapp_class" VALUES (38,NULL,'금',NULL,'10:00','11:50',30,22,14);
INSERT INTO "getherapp_class" VALUES (39,NULL,'금',NULL,'13:00','14:50',27,18,14);
INSERT INTO "getherapp_class" VALUES (40,NULL,'금',NULL,'13:00','14:50',28,21,14);
INSERT INTO "getherapp_class" VALUES (41,NULL,'금',NULL,'13:00','14:50',29,14,14);
INSERT INTO "getherapp_class" VALUES (42,NULL,'금',NULL,'13:00','14:50',30,22,14);
INSERT INTO "getherapp_class" VALUES (43,NULL,'목',NULL,'9:00','10:50',22,2,15);
INSERT INTO "getherapp_class" VALUES (44,NULL,'목',NULL,'9:00','10:50',31,3,15);
INSERT INTO "getherapp_class" VALUES (45,NULL,'목',NULL,'9:00','10:50',2,1,15);
INSERT INTO "getherapp_class" VALUES (46,NULL,'목',NULL,'11:00','12:50',22,2,15);
INSERT INTO "getherapp_class" VALUES (47,NULL,'목',NULL,'11:00','12:50',31,3,15);
INSERT INTO "getherapp_class" VALUES (48,NULL,'목',NULL,'11:00','12:50',2,1,15);
INSERT INTO "getherapp_class" VALUES (49,NULL,'수',NULL,'9:00','10:50',22,31,15);
INSERT INTO "getherapp_class" VALUES (50,NULL,'수',NULL,'9:00','10:50',32,32,15);
INSERT INTO "getherapp_class" VALUES (51,NULL,'수',NULL,'11:00','12:50',32,32,15);
INSERT INTO "getherapp_class" VALUES (52,NULL,'수',NULL,'11:00','12:50',22,31,15);
INSERT INTO "getherapp_class" VALUES (53,NULL,'화',NULL,'10:00','11:50',33,25,16);
INSERT INTO "getherapp_class" VALUES (54,NULL,'화',NULL,'10:00','11:50',21,10,16);
INSERT INTO "getherapp_class" VALUES (55,NULL,'화',NULL,'10:00','11:50',34,12,16);
INSERT INTO "getherapp_class" VALUES (56,NULL,'화',NULL,'10:00','11:50',23,48,16);
INSERT INTO "getherapp_class" VALUES (57,NULL,'금',NULL,'10:00','11:50',183,50,17);
INSERT INTO "getherapp_class" VALUES (58,NULL,'금',NULL,'13:00','14:50',183,50,17);
INSERT INTO "getherapp_class" VALUES (59,NULL,'금',NULL,'10:00','11:50',183,12,17);
INSERT INTO "getherapp_class" VALUES (60,NULL,'금',NULL,'13:00','14:50',183,12,17);
INSERT INTO "getherapp_class" VALUES (61,NULL,'금',NULL,'15:00','16:50',184,50,17);
INSERT INTO "getherapp_class" VALUES (62,NULL,'금',NULL,'13:00','14:50',35,6,18);
INSERT INTO "getherapp_class" VALUES (63,NULL,'금',NULL,'15:00','16:50',35,6,18);
INSERT INTO "getherapp_class" VALUES (64,NULL,'금',NULL,'10:00','11:50',35,6,18);
INSERT INTO "getherapp_class" VALUES (65,NULL,'금',NULL,'10:00','11:50',36,49,18);
INSERT INTO "getherapp_class" VALUES (66,NULL,'금',NULL,'13:00','14:50',36,24,18);
INSERT INTO "getherapp_class" VALUES (67,NULL,'금',NULL,'13:00','14:50',37,8,18);
INSERT INTO "getherapp_class" VALUES (68,NULL,'금',NULL,'10:00','11:50',37,8,18);
INSERT INTO "getherapp_class" VALUES (69,NULL,'금',NULL,'15:00','16:50',37,8,18);
INSERT INTO "getherapp_class" VALUES (70,NULL,'수',NULL,'12:00','14:50',38,4,19);
INSERT INTO "getherapp_class" VALUES (71,NULL,'화',NULL,'15:00','17:50',39,42,20);
INSERT INTO "getherapp_class" VALUES (72,NULL,'월',NULL,'15:00','17:50',2,10,21);
INSERT INTO "getherapp_class" VALUES (73,NULL,'수',NULL,'15:00','17:50',40,10,22);
INSERT INTO "getherapp_class" VALUES (74,NULL,'목',NULL,'9:00','11:50',41,34,23);
INSERT INTO "getherapp_class" VALUES (75,NULL,'목',NULL,'15:00','17:50',34,11,24);
INSERT INTO "getherapp_class" VALUES (76,NULL,'목',NULL,'12:00','14:50',42,9,25);
INSERT INTO "getherapp_class" VALUES (77,NULL,'화',NULL,'9:00','11:50',43,4,26);
INSERT INTO "getherapp_class" VALUES (78,NULL,'목',NULL,'9:00','11:50',42,9,27);
INSERT INTO "getherapp_class" VALUES (79,NULL,'목',NULL,'15:00','17:50',44,7,28);
INSERT INTO "getherapp_class" VALUES (80,NULL,'목',NULL,'9:00','11:50',40,48,29);
INSERT INTO "getherapp_class" VALUES (81,NULL,'월',NULL,'15:00','17:50',45,11,30);
INSERT INTO "getherapp_class" VALUES (82,NULL,'목',NULL,'9:00','11:50',46,15,31);
INSERT INTO "getherapp_class" VALUES (83,NULL,'수',NULL,'15:00','17:50',47,12,32);
INSERT INTO "getherapp_class" VALUES (84,NULL,'월',NULL,'9:00','11:50',48,2,33);
INSERT INTO "getherapp_class" VALUES (85,NULL,'화',NULL,'15:00','17:50',49,54,34);
INSERT INTO "getherapp_class" VALUES (86,NULL,'월',NULL,'9:00','11:50',50,30,35);
INSERT INTO "getherapp_class" VALUES (87,NULL,'화',NULL,'12:00','14:50',51,4,36);
INSERT INTO "getherapp_class" VALUES (88,NULL,'월',NULL,'12:00','14:50',52,9,37);
INSERT INTO "getherapp_class" VALUES (89,NULL,'금',NULL,'12:00','14:50',53,28,37);
INSERT INTO "getherapp_class" VALUES (90,NULL,'수',NULL,'15:00','17:50',54,2,38);
INSERT INTO "getherapp_class" VALUES (91,NULL,'금',NULL,'15:00','17:50',55,28,39);
INSERT INTO "getherapp_class" VALUES (92,NULL,'수',NULL,'15:00','16:50',56,1,40);
INSERT INTO "getherapp_class" VALUES (93,NULL,'월',NULL,'12:00','14:50',57,11,41);
INSERT INTO "getherapp_class" VALUES (94,NULL,'수',NULL,'15:00','17:50',58,30,42);
INSERT INTO "getherapp_class" VALUES (95,NULL,'수',NULL,'15:00','17:50',59,11,43);
INSERT INTO "getherapp_class" VALUES (96,NULL,'월',NULL,'9:00','11:50',60,50,44);
INSERT INTO "getherapp_class" VALUES (97,NULL,'수',NULL,'9:00','11:50',61,11,45);
INSERT INTO "getherapp_class" VALUES (98,NULL,'월',NULL,'15:00','17:50',62,12,46);
INSERT INTO "getherapp_class" VALUES (99,NULL,'수',NULL,'12:00','14:50',42,9,47);
INSERT INTO "getherapp_class" VALUES (100,NULL,'목',NULL,'12:00','14:50',34,11,48);
INSERT INTO "getherapp_class" VALUES (101,NULL,'목',NULL,'9:00','11:50',63,8,49);
INSERT INTO "getherapp_class" VALUES (102,NULL,'수',NULL,'9:00','11:50',42,9,50);
INSERT INTO "getherapp_class" VALUES (103,NULL,'월',NULL,'12:00','14:50',64,42,51);
INSERT INTO "getherapp_class" VALUES (104,NULL,'화',NULL,'9:00','11:50',65,15,52);
INSERT INTO "getherapp_class" VALUES (105,NULL,'월',NULL,'12:00','14:50',66,28,53);
INSERT INTO "getherapp_class" VALUES (106,NULL,'화',NULL,'15:00','17:50',67,7,54);
INSERT INTO "getherapp_class" VALUES (107,NULL,'수',NULL,'12:00','14:50',2,53,54);
INSERT INTO "getherapp_class" VALUES (108,NULL,'월',NULL,'12:00','14:50',46,15,55);
INSERT INTO "getherapp_class" VALUES (109,NULL,'목',NULL,'15:00','17:50',68,2,56);
INSERT INTO "getherapp_class" VALUES (110,NULL,'수',NULL,'15:00','17:50',69,38,57);
INSERT INTO "getherapp_class" VALUES (111,NULL,'목',NULL,'12:00','14:50',70,47,58);
INSERT INTO "getherapp_class" VALUES (112,NULL,'월',NULL,'12:00','14:50',37,54,59);
INSERT INTO "getherapp_class" VALUES (113,NULL,'수',NULL,'9:00','11:50',37,4,60);
INSERT INTO "getherapp_class" VALUES (114,NULL,'목',NULL,'12:00','14:50',20,8,61);
INSERT INTO "getherapp_class" VALUES (115,NULL,'수',NULL,'9:00','11:50',71,25,62);
INSERT INTO "getherapp_class" VALUES (116,NULL,'월',NULL,'15:00','17:50',72,7,63);
INSERT INTO "getherapp_class" VALUES (117,NULL,'월',NULL,'12:00','14:50',73,2,64);
INSERT INTO "getherapp_class" VALUES (118,NULL,'수',NULL,'15:00','17:50',22,7,65);
INSERT INTO "getherapp_class" VALUES (119,NULL,'수',NULL,'15:00','17:50',5,42,66);
INSERT INTO "getherapp_class" VALUES (120,NULL,'수',NULL,'12:00','14:50',61,11,67);
INSERT INTO "getherapp_class" VALUES (121,NULL,'목',NULL,'10:00','11:50',74,13,68);
INSERT INTO "getherapp_class" VALUES (122,NULL,'화',NULL,'16:00','17:50',75,12,69);
INSERT INTO "getherapp_class" VALUES (123,NULL,'목',NULL,'15:00','17:50',76,47,70);
INSERT INTO "getherapp_class" VALUES (124,NULL,'금',NULL,'15:00','17:50',77,54,71);
INSERT INTO "getherapp_class" VALUES (125,NULL,'목',NULL,'12:00','14:50',78,50,72);
INSERT INTO "getherapp_class" VALUES (126,NULL,'수',NULL,'15:00','17:50',19,15,73);
INSERT INTO "getherapp_class" VALUES (127,NULL,'목',NULL,'15:00','17:50',22,12,74);
INSERT INTO "getherapp_class" VALUES (128,NULL,'금',NULL,'10:00','10:50',79,13,75);
INSERT INTO "getherapp_class" VALUES (129,NULL,'금',NULL,'11:00','11:50',79,13,75);
INSERT INTO "getherapp_class" VALUES (130,NULL,'금',NULL,'12:00','14:50',80,1,76);
INSERT INTO "getherapp_class" VALUES (131,NULL,'수',NULL,'15:00','17:50',81,52,77);
INSERT INTO "getherapp_class" VALUES (132,NULL,'화',NULL,'15:00','17:50',82,52,78);
INSERT INTO "getherapp_class" VALUES (133,NULL,'수',NULL,'12:00','14:50',83,52,79);
INSERT INTO "getherapp_class" VALUES (134,NULL,'목',NULL,'12:00','14:50',82,52,80);
INSERT INTO "getherapp_class" VALUES (135,NULL,'금',NULL,'15:00','17:50',84,52,81);
INSERT INTO "getherapp_class" VALUES (136,NULL,'화',NULL,'14:00','15:50',85,35,82);
INSERT INTO "getherapp_class" VALUES (137,NULL,'목',NULL,'15:00','16:50',86,52,83);
INSERT INTO "getherapp_class" VALUES (138,NULL,'월',NULL,'10:00','11:50',87,28,84);
INSERT INTO "getherapp_class" VALUES (139,NULL,'월',NULL,'15:00','17:50',88,28,85);
INSERT INTO "getherapp_class" VALUES (140,NULL,'월',NULL,'9:00','11:50',89,31,86);
INSERT INTO "getherapp_class" VALUES (141,1,'월',NULL,'9:00','11:50',90,10,87);
INSERT INTO "getherapp_class" VALUES (142,1,'화',NULL,'9:00','11:50',91,29,88);
INSERT INTO "getherapp_class" VALUES (143,1,'월',NULL,'9:00','11:50',33,39,89);
INSERT INTO "getherapp_class" VALUES (144,1,'화',NULL,'15:00','17:50',92,47,90);
INSERT INTO "getherapp_class" VALUES (145,1,'월',NULL,'9:00','11:50',14,20,91);
INSERT INTO "getherapp_class" VALUES (146,1,'수',NULL,'9:00','11:50',13,30,92);
INSERT INTO "getherapp_class" VALUES (147,1,'목',NULL,'9:00','11:50',93,23,93);
INSERT INTO "getherapp_class" VALUES (148,1,'수',NULL,'9:00','11:50',94,3,94);
INSERT INTO "getherapp_class" VALUES (149,1,'목',NULL,'9:00','11:50',7,51,95);
INSERT INTO "getherapp_class" VALUES (150,1,'목',NULL,'12:00','13:50',69,26,96);
INSERT INTO "getherapp_class" VALUES (151,1,'화',NULL,'9:00','11:50',69,28,97);
INSERT INTO "getherapp_class" VALUES (152,1,'목',NULL,'9:00','11:50',73,26,98);
INSERT INTO "getherapp_class" VALUES (153,1,'수',NULL,'9:00','11:50',73,27,99);
INSERT INTO "getherapp_class" VALUES (154,1,'화',NULL,'9:00','11:50',73,34,100);
INSERT INTO "getherapp_class" VALUES (155,1,'화',NULL,'15:00','17:50',95,32,101);
INSERT INTO "getherapp_class" VALUES (156,1,'화',NULL,'9:00','11:50',96,32,102);
INSERT INTO "getherapp_class" VALUES (157,1,'수',NULL,'9:00','11:50',97,26,103);
INSERT INTO "getherapp_class" VALUES (158,1,'목',NULL,'9:00','11:50',96,32,104);
INSERT INTO "getherapp_class" VALUES (159,1,'월',NULL,'15:00','17:50',98,32,105);
INSERT INTO "getherapp_class" VALUES (160,1,'목',NULL,'9:00','11:50',99,36,106);
INSERT INTO "getherapp_class" VALUES (161,1,'금',NULL,'15:00','17:50',25,34,107);
INSERT INTO "getherapp_class" VALUES (162,1,'화',NULL,'9:00','11:50',25,36,108);
INSERT INTO "getherapp_class" VALUES (163,1,'화',NULL,'15:00','17:50',100,2,109);
INSERT INTO "getherapp_class" VALUES (164,1,'수',NULL,'9:00','11:50',101,53,110);
INSERT INTO "getherapp_class" VALUES (165,1,'목',NULL,'9:00','11:50',102,49,111);
INSERT INTO "getherapp_class" VALUES (166,1,'화',NULL,'12:00','14:50',103,50,112);
INSERT INTO "getherapp_class" VALUES (167,1,'목',NULL,'15:00','17:50',104,50,113);
INSERT INTO "getherapp_class" VALUES (168,1,'금',NULL,'12:00','14:50',18,30,114);
INSERT INTO "getherapp_class" VALUES (169,1,'화',NULL,'9:00','11:50',105,25,115);
INSERT INTO "getherapp_class" VALUES (170,1,'수',NULL,'15:00','17:50',106,50,116);
INSERT INTO "getherapp_class" VALUES (171,1,'목',NULL,'12:00','14:50',107,53,117);
INSERT INTO "getherapp_class" VALUES (172,1,'수',NULL,'9:00','11:50',108,34,118);
INSERT INTO "getherapp_class" VALUES (173,1,'월',NULL,'17:00','17:50',19,28,119);
INSERT INTO "getherapp_class" VALUES (174,1,'화',NULL,'12:00','14:50',109,2,120);
INSERT INTO "getherapp_class" VALUES (175,1,'목',NULL,'9:00','11:50',91,28,121);
INSERT INTO "getherapp_class" VALUES (176,1,'목',NULL,'9:00','11:50',17,4,122);
INSERT INTO "getherapp_class" VALUES (177,1,'수',NULL,'9:00','11:50',17,28,123);
INSERT INTO "getherapp_class" VALUES (178,1,'수',NULL,'12:00','14:50',110,2,124);
INSERT INTO "getherapp_class" VALUES (179,1,'목',NULL,'15:00','17:50',111,4,125);
INSERT INTO "getherapp_class" VALUES (180,1,'수',NULL,'15:00','17:50',112,51,126);
INSERT INTO "getherapp_class" VALUES (181,1,'수',NULL,'9:00','11:50',33,54,127);
INSERT INTO "getherapp_class" VALUES (182,1,'화',NULL,'12:00','14:50',113,49,128);
INSERT INTO "getherapp_class" VALUES (183,1,'월',NULL,'12:00','14:50',114,53,129);
INSERT INTO "getherapp_class" VALUES (184,1,'월',NULL,'15:00','17:50',115,2,130);
INSERT INTO "getherapp_class" VALUES (185,1,'수',NULL,'9:00','11:50',116,35,131);
INSERT INTO "getherapp_class" VALUES (186,1,'목',NULL,'9:00','11:50',117,5,132);
INSERT INTO "getherapp_class" VALUES (187,1,'화',NULL,'9:00','11:50',118,3,133);
INSERT INTO "getherapp_class" VALUES (188,1,'월',NULL,'12:00','14:50',119,4,134);
INSERT INTO "getherapp_class" VALUES (189,1,'화',NULL,'12:00','14:50',2,26,135);
INSERT INTO "getherapp_class" VALUES (190,1,'목',NULL,'9:00','13:15',120,27,136);
INSERT INTO "getherapp_class" VALUES (191,1,'화',NULL,'9:00','11:50',121,5,137);
INSERT INTO "getherapp_class" VALUES (192,1,'금',NULL,'15:00','17:50',122,49,138);
INSERT INTO "getherapp_class" VALUES (193,1,'화',NULL,'9:00','11:50',123,30,139);
INSERT INTO "getherapp_class" VALUES (194,1,'목',NULL,'9:00','11:50',124,50,140);
INSERT INTO "getherapp_class" VALUES (195,1,'금',NULL,'15:00','17:50',125,39,141);
INSERT INTO "getherapp_class" VALUES (196,1,'월',NULL,'9:00','11:50',126,26,142);
INSERT INTO "getherapp_class" VALUES (197,1,'수',NULL,'9:00','11:50',127,50,143);
INSERT INTO "getherapp_class" VALUES (198,1,'금',NULL,'12:00','14:50',128,51,144);
INSERT INTO "getherapp_class" VALUES (199,1,'금',NULL,'12:00','14:50',125,39,145);
INSERT INTO "getherapp_class" VALUES (200,1,'월',NULL,'15:00','17:50',129,27,146);
INSERT INTO "getherapp_class" VALUES (201,1,'화',NULL,'15:00','17:50',130,50,147);
INSERT INTO "getherapp_class" VALUES (202,1,'목',NULL,'9:00','11:50',13,35,148);
INSERT INTO "getherapp_class" VALUES (203,1,'화',NULL,'9:00','11:50',13,38,149);
INSERT INTO "getherapp_class" VALUES (204,1,'화',NULL,'9:00','11:50',131,39,150);
INSERT INTO "getherapp_class" VALUES (205,1,'수',NULL,'9:00','11:50',132,38,151);
INSERT INTO "getherapp_class" VALUES (206,1,'월',NULL,'9:00','11:50',133,25,152);
INSERT INTO "getherapp_class" VALUES (207,2,'금',NULL,'9:00','11:50',133,25,152);
INSERT INTO "getherapp_class" VALUES (208,1,'수',NULL,'12:00','14:50',134,28,153);
INSERT INTO "getherapp_class" VALUES (209,1,'월',NULL,'15:00','17:50',135,30,154);
INSERT INTO "getherapp_class" VALUES (210,1,'월',NULL,'15:00','17:50',136,50,155);
INSERT INTO "getherapp_class" VALUES (211,1,'수',NULL,'15:00','17:50',136,6,156);
INSERT INTO "getherapp_class" VALUES (212,1,'목',NULL,'15:00','17:50',137,54,157);
INSERT INTO "getherapp_class" VALUES (213,1,'월',NULL,'15:00','17:50',138,25,158);
INSERT INTO "getherapp_class" VALUES (214,1,'화',NULL,'12:00','14:50',139,53,159);
INSERT INTO "getherapp_class" VALUES (215,1,'월',NULL,'12:00','14:50',140,50,160);
INSERT INTO "getherapp_class" VALUES (216,1,'목',NULL,'12:00','14:50',141,4,161);
INSERT INTO "getherapp_class" VALUES (217,1,'수',NULL,'9:00','11:50',131,39,162);
INSERT INTO "getherapp_class" VALUES (218,1,'월',NULL,'9:00','11:50',131,34,163);
INSERT INTO "getherapp_class" VALUES (219,1,'금',NULL,'12:00','14:50',142,27,164);
INSERT INTO "getherapp_class" VALUES (220,1,'화',NULL,'15:00','17:50',143,4,165);
INSERT INTO "getherapp_class" VALUES (221,1,'목',NULL,'12:00','14:50',144,20,166);
INSERT INTO "getherapp_class" VALUES (222,1,'화',NULL,'9:00','11:50',15,49,167);
INSERT INTO "getherapp_class" VALUES (223,1,'월',NULL,'15:00','17:50',145,49,168);
INSERT INTO "getherapp_class" VALUES (224,1,'수',NULL,'15:00','17:50',146,49,169);
INSERT INTO "getherapp_class" VALUES (225,1,'월',NULL,'12:00','14:50',145,49,170);
INSERT INTO "getherapp_class" VALUES (226,1,'수',NULL,'12:00','14:50',146,49,171);
INSERT INTO "getherapp_class" VALUES (227,1,'금',NULL,'12:00','14:50',147,15,172);
INSERT INTO "getherapp_class" VALUES (228,1,'목',NULL,'15:00','17:50',148,20,173);
INSERT INTO "getherapp_class" VALUES (229,1,'수',NULL,'9:00','11:50',149,49,174);
INSERT INTO "getherapp_class" VALUES (230,1,'금',NULL,'9:00','11:50',150,20,175);
INSERT INTO "getherapp_class" VALUES (231,1,'금',NULL,':00~1',':50',151,20,176);
INSERT INTO "getherapp_class" VALUES (232,1,'목',NULL,'9:00','11:50',14,40,177);
INSERT INTO "getherapp_class" VALUES (233,2,'목',NULL,'9:00','11:50',15,39,177);
INSERT INTO "getherapp_class" VALUES (234,1,'화',NULL,'18:00','18:50',15,44,178);
INSERT INTO "getherapp_class" VALUES (235,2,'화',NULL,'18:00','18:50',152,45,178);
INSERT INTO "getherapp_class" VALUES (236,3,'화',NULL,'18:00','18:50',14,46,178);
INSERT INTO "getherapp_class" VALUES (237,1,'금',NULL,'15:00','17:50',153,19,179);
INSERT INTO "getherapp_class" VALUES (238,1,'금',NULL,'12:00','14:50',149,49,180);
INSERT INTO "getherapp_class" VALUES (239,1,'금',NULL,'12:00','14:50',150,20,181);
INSERT INTO "getherapp_class" VALUES (240,1,'금',NULL,'15:00','17:50',154,15,182);
INSERT INTO "getherapp_class" VALUES (241,1,'수',NULL,'9:00','11:50',14,48,183);
INSERT INTO "getherapp_class" VALUES (242,1,'목',NULL,'9:00','11:50',27,53,184);
INSERT INTO "getherapp_class" VALUES (243,1,'목',NULL,'18:00','18:50',27,16,185);
INSERT INTO "getherapp_class" VALUES (244,1,'화',NULL,'9:00','11:50',29,16,186);
INSERT INTO "getherapp_class" VALUES (245,1,'목',NULL,'9:00','11:50',155,14,187);
INSERT INTO "getherapp_class" VALUES (246,1,'화',NULL,'18:00','18:50',156,16,188);
INSERT INTO "getherapp_class" VALUES (247,1,'수',NULL,'18:00','18:50',155,16,189);
INSERT INTO "getherapp_class" VALUES (248,1,'월',NULL,'9:00','11:50',29,14,190);
INSERT INTO "getherapp_class" VALUES (249,2,'금',NULL,'9:00','11:50',63,16,191);
INSERT INTO "getherapp_class" VALUES (250,1,'금',NULL,'15:00','17:50',157,17,192);
INSERT INTO "getherapp_class" VALUES (251,2,'목',NULL,'9:00','11:50',36,18,192);
INSERT INTO "getherapp_class" VALUES (252,1,'화',NULL,'9:00','11:50',158,22,193);
INSERT INTO "getherapp_class" VALUES (253,1,'금',NULL,'9:00','11:50',159,17,194);
INSERT INTO "getherapp_class" VALUES (254,1,'금',NULL,'15:00','17:50',160,16,195);
INSERT INTO "getherapp_class" VALUES (255,1,'수',NULL,'9:00','11:50',161,17,196);
INSERT INTO "getherapp_class" VALUES (256,1,'월',NULL,'9:00','11:50',161,17,197);
INSERT INTO "getherapp_class" VALUES (257,1,'목',NULL,'9:00','11:50',162,22,198);
INSERT INTO "getherapp_class" VALUES (258,1,'월',NULL,'9:00','11:50',37,49,199);
INSERT INTO "getherapp_class" VALUES (259,1,'수',NULL,'9:00','11:50',35,16,200);
INSERT INTO "getherapp_class" VALUES (260,1,'금',NULL,'12:00','14:50',159,17,201);
INSERT INTO "getherapp_class" VALUES (261,1,'금',NULL,'18:00','18:50',163,23,202);
INSERT INTO "getherapp_class" VALUES (262,1,'금',NULL,'12:00','14:50',163,53,203);
INSERT INTO "getherapp_class" VALUES (263,1,'수',NULL,'9:00','11:50',164,23,204);
INSERT INTO "getherapp_class" VALUES (264,1,'월',NULL,'9:00','11:50',164,23,205);
INSERT INTO "getherapp_class" VALUES (265,1,'금',NULL,'15:00','17:50',163,21,206);
INSERT INTO "getherapp_class" VALUES (266,1,'화',NULL,'9:00','11:50',93,23,207);
INSERT INTO "getherapp_class" VALUES (267,1,'금',NULL,'18:00','18:50',163,23,202);
INSERT INTO "getherapp_class" VALUES (268,1,'금',NULL,'9:00','11:50',163,23,208);
INSERT INTO "getherapp_class" VALUES (269,1,'목',NULL,'12:00','14:50',21,34,209);
INSERT INTO "getherapp_class" VALUES (270,NULL,'화','목','13:30','14:45',165,48,210);
INSERT INTO "getherapp_class" VALUES (271,NULL,'화','목','15:00','16:15',165,48,211);
INSERT INTO "getherapp_class" VALUES (272,NULL,'월','수','16:30','17:45',166,29,212);
INSERT INTO "getherapp_class" VALUES (273,NULL,'월','수','15:00','16:15',166,29,213);
INSERT INTO "getherapp_class" VALUES (274,NULL,'월','수','12:00','13:15',30,7,214);
INSERT INTO "getherapp_class" VALUES (275,NULL,'화','목','15:00','16:15',167,15,215);
INSERT INTO "getherapp_class" VALUES (276,NULL,'화','목','13:30','14:45',168,7,216);
INSERT INTO "getherapp_class" VALUES (277,NULL,'화','목','13:30','14:45',169,6,217);
INSERT INTO "getherapp_class" VALUES (278,NULL,'월','수','15:00','16:15',170,54,218);
INSERT INTO "getherapp_class" VALUES (279,NULL,'월','수','16:30','17:45',170,54,219);
INSERT INTO "getherapp_class" VALUES (280,NULL,'월','수','13:30','14:45',166,29,220);
INSERT INTO "getherapp_class" VALUES (281,NULL,'화','목','12:00','13:15',24,31,221);
INSERT INTO "getherapp_class" VALUES (282,NULL,'월','수','15:00','16:15',171,4,222);
INSERT INTO "getherapp_class" VALUES (283,1,'월','수','16:30','17:45',171,34,223);
INSERT INTO "getherapp_class" VALUES (284,1,'월','수','16:30','17:45',90,26,224);
INSERT INTO "getherapp_class" VALUES (285,1,'월','수','15:00','16:15',90,34,225);
INSERT INTO "getherapp_class" VALUES (286,1,'월','수','13:30','14:45',170,32,226);
INSERT INTO "getherapp_class" VALUES (287,1,'월','수','12:00','13:15',97,34,227);
INSERT INTO "getherapp_class" VALUES (288,1,'월','수','15:00','16:15',172,53,228);
INSERT INTO "getherapp_class" VALUES (289,1,'월','수','12:00','13:15',99,36,229);
INSERT INTO "getherapp_class" VALUES (290,1,'월','수','13:30','14:45',19,25,230);
INSERT INTO "getherapp_class" VALUES (291,1,'월','수','12:00','13:15',173,27,231);
INSERT INTO "getherapp_class" VALUES (292,1,'월','수','15:00','16:15',173,28,232);
INSERT INTO "getherapp_class" VALUES (293,1,'월','수','12:00','13:15',19,25,233);
INSERT INTO "getherapp_class" VALUES (294,1,'월','수','15:00','16:15',116,31,234);
INSERT INTO "getherapp_class" VALUES (295,1,'월','수','15:00','16:15',168,35,235);
INSERT INTO "getherapp_class" VALUES (296,1,'월','수','16:30','17:45',168,35,236);
INSERT INTO "getherapp_class" VALUES (297,1,'월','수','12:00','13:15',174,26,237);
INSERT INTO "getherapp_class" VALUES (298,1,'월','수','15:00','16:15',174,26,238);
INSERT INTO "getherapp_class" VALUES (299,1,'월','수','13:30','14:45',20,8,239);
INSERT INTO "getherapp_class" VALUES (300,1,'월','수','15:00','16:15',149,20,240);
INSERT INTO "getherapp_class" VALUES (301,1,'월','수','16:30','17:45',149,20,241);
INSERT INTO "getherapp_class" VALUES (302,1,'월','수','16:30','17:45',175,48,242);
INSERT INTO "getherapp_class" VALUES (303,1,'월','수','13:30','14:45',97,39,243);
INSERT INTO "getherapp_class" VALUES (304,1,'월','수','13:30','14:45',24,30,244);
INSERT INTO "getherapp_class" VALUES (305,1,'월','수','13:30','14:45',172,10,245);
INSERT INTO "getherapp_class" VALUES (306,1,'월','수','16:30','17:45',99,39,246);
INSERT INTO "getherapp_class" VALUES (307,1,'월','수','15:00','16:15',176,17,247);
INSERT INTO "getherapp_class" VALUES (308,2,'월','수','16:30','17:45',28,23,247);
INSERT INTO "getherapp_class" VALUES (309,1,'월','수','16:30','17:45',30,18,248);
INSERT INTO "getherapp_class" VALUES (310,1,'월','수','13:30','14:45',116,12,249);
INSERT INTO "getherapp_class" VALUES (311,1,'월','수','13:30','14:45',18,38,250);
INSERT INTO "getherapp_class" VALUES (312,1,'월','수','15:00','16:15',29,9,251);
INSERT INTO "getherapp_class" VALUES (313,1,'월','수','16:30','17:45',155,16,252);
INSERT INTO "getherapp_class" VALUES (314,1,'월','수','15:00','16:15',155,16,253);
INSERT INTO "getherapp_class" VALUES (315,1,'월','수','13:30','14:45',176,16,254);
INSERT INTO "getherapp_class" VALUES (316,1,'월','수','12:00','13:15',161,17,255);
INSERT INTO "getherapp_class" VALUES (317,2,'월','수','13:30','14:45',161,17,255);
INSERT INTO "getherapp_class" VALUES (318,1,'월','수','16:30','17:45',176,17,256);
INSERT INTO "getherapp_class" VALUES (319,1,'월','수','15:00','16:15',161,8,257);
INSERT INTO "getherapp_class" VALUES (320,2,'월','수','16:30','17:45',161,8,257);
INSERT INTO "getherapp_class" VALUES (321,1,'월','수','13:30','14:45',164,23,258);
INSERT INTO "getherapp_class" VALUES (322,1,'월','수','15:00','16:15',28,23,259);
INSERT INTO "getherapp_class" VALUES (323,2,'월','수','15:00','16:15',30,18,260);
INSERT INTO "getherapp_class" VALUES (324,1,'월','수','13:30','14:45',30,18,260);
INSERT INTO "getherapp_class" VALUES (325,1,'화','목','15:00','16:15',142,53,261);
INSERT INTO "getherapp_class" VALUES (326,1,'화','목','16:30','17:45',69,26,262);
INSERT INTO "getherapp_class" VALUES (327,1,'화','목','15:00','16:15',69,26,263);
INSERT INTO "getherapp_class" VALUES (328,1,'화','목','13:30','14:45',24,31,264);
INSERT INTO "getherapp_class" VALUES (329,1,'화','목','12:00','13:15',170,32,265);
INSERT INTO "getherapp_class" VALUES (330,1,'화','목','13:30','14:45',96,32,266);
INSERT INTO "getherapp_class" VALUES (331,1,'화','목','15:00','16:15',99,36,267);
INSERT INTO "getherapp_class" VALUES (332,1,'화','목','12:00','13:15',177,51,268);
INSERT INTO "getherapp_class" VALUES (333,1,'화','목','13:30','14:45',99,34,269);
INSERT INTO "getherapp_class" VALUES (334,1,'화','목','16:30','17:45',25,34,270);
INSERT INTO "getherapp_class" VALUES (335,1,'화','목','15:00','16:15',178,34,271);
INSERT INTO "getherapp_class" VALUES (336,1,'화','목','16:30','17:45',102,28,272);
INSERT INTO "getherapp_class" VALUES (337,1,'화','목','15:00','16:15',179,28,273);
INSERT INTO "getherapp_class" VALUES (338,1,'화','목','12:00','13:15',180,28,274);
INSERT INTO "getherapp_class" VALUES (339,1,'화','목','13:30','14:45',180,28,275);
INSERT INTO "getherapp_class" VALUES (340,1,'화','목','13:30','14:45',181,51,276);
INSERT INTO "getherapp_class" VALUES (341,1,'화','목','16:30','17:45',117,36,277);
INSERT INTO "getherapp_class" VALUES (342,1,'화','목','16:30','17:45',116,3,278);
INSERT INTO "getherapp_class" VALUES (343,1,'화','목','15:00','16:15',181,3,279);
INSERT INTO "getherapp_class" VALUES (344,1,'화','목','15:00','16:15',168,5,280);
INSERT INTO "getherapp_class" VALUES (345,1,'화','목','13:30','14:45',182,27,281);
INSERT INTO "getherapp_class" VALUES (346,1,'화','목','15:00','16:15',182,27,282);
INSERT INTO "getherapp_class" VALUES (347,1,'화','목','16:30','17:45',16,39,283);
INSERT INTO "getherapp_class" VALUES (348,1,'화','목','12:00','13:15',169,34,284);
INSERT INTO "getherapp_class" VALUES (349,1,'화','목','12:00','13:15',175,48,285);
INSERT INTO "getherapp_class" VALUES (350,1,'화','목','12:00','13:15',152,54,286);
INSERT INTO "getherapp_class" VALUES (351,1,'화','목','13:30','14:45',167,30,287);
INSERT INTO "getherapp_class" VALUES (352,1,'화','목','16:30','17:45',132,25,288);
INSERT INTO "getherapp_class" VALUES (353,1,'화','목','16:30','17:45',175,48,289);
INSERT INTO "getherapp_class" VALUES (354,1,'화','목','13:30','14:45',152,20,290);
INSERT INTO "getherapp_class" VALUES (355,1,'화','목','13:30','14:45',170,39,291);
INSERT INTO "getherapp_class" VALUES (356,1,'화','목','13:30','14:45',26,29,292);
INSERT INTO "getherapp_class" VALUES (357,1,'화','목','15:00','16:15',23,10,293);
INSERT INTO "getherapp_class" VALUES (358,1,'화','목','16:30','17:45',26,29,294);
INSERT INTO "getherapp_class" VALUES (359,1,'화','목','13:30','14:45',27,16,295);
INSERT INTO "getherapp_class" VALUES (360,2,'화','목','15:00','16:15',27,8,295);
INSERT INTO "getherapp_class" VALUES (361,1,'화','목','16:30','17:45',162,18,296);
INSERT INTO "getherapp_class" VALUES (362,1,'화','목','13:30','14:45',132,38,297);
INSERT INTO "getherapp_class" VALUES (363,1,'화','목','16:30','17:45',120,30,298);
INSERT INTO "getherapp_class" VALUES (364,1,'화','목','13:30','14:45',121,12,299);
INSERT INTO "getherapp_class" VALUES (365,1,'화','목','15:00','16:15',16,38,300);
INSERT INTO "getherapp_class" VALUES (366,1,'화','목','15:00','16:15',108,39,301);
INSERT INTO "getherapp_class" VALUES (367,1,'화','목','13:30','14:45',117,25,302);
INSERT INTO "getherapp_class" VALUES (368,1,'화','목','15:00','16:15',156,16,303);
INSERT INTO "getherapp_class" VALUES (369,1,'화','목','13:30','14:45',156,54,304);
INSERT INTO "getherapp_class" VALUES (370,1,'화','목','15:00','16:15',157,17,191);
INSERT INTO "getherapp_class" VALUES (371,1,'화','목','15:00','16:15',158,9,305);
INSERT INTO "getherapp_class" VALUES (372,1,'화','목','16:30','17:45',158,51,306);
INSERT INTO "getherapp_class" VALUES (373,1,'화','목','16:30','17:45',157,17,307);
INSERT INTO "getherapp_class" VALUES (374,1,'화','목','13:30','14:45',93,23,308);
INSERT INTO "getherapp_class" VALUES (375,1,'화','목','13:30','14:45',162,18,309);
INSERT INTO "getherapp_class" VALUES (376,2,'화','목','15:00','16:15',162,18,309);
CREATE INDEX IF NOT EXISTS "getherapp_class_prof_id_id_0f6bfb4f" ON "getherapp_class" (
	"prof_id_id"
);
CREATE INDEX IF NOT EXISTS "getherapp_class_room_id_id_baf81af9" ON "getherapp_class" (
	"room_id_id"
);
CREATE INDEX IF NOT EXISTS "getherapp_class_sub_id_id_e1f27163" ON "getherapp_class" (
	"sub_id_id"
);
COMMIT;
